id,class
12001,7
12002,7
12003,7
12004,16
12005,7
12006,17
12007,10
12008,7
12009,18
12010,7
12011,9
12012,7
12013,7
12014,18
12015,14
12016,9
12017,16
12018,11
12019,5
12020,18
12021,18
12022,7
12023,9
12024,5
12025,14
12026,18
12027,7
12028,18
12029,7
12030,7
12031,14
12032,20
12033,7
12034,7
12035,1
12036,4
12037,7
12038,7
12039,7
12040,7
12041,7
12042,15
12043,7
12044,7
12045,18
12046,5
12047,7
12048,7
12049,17
12050,7
12051,15
12052,9
12053,5
12054,5
12055,7
12056,7
12057,5
12058,7
12059,18
12060,9
12061,7
12062,7
12063,18
12064,5
12065,9
12066,7
12067,7
12068,15
12069,5
12070,9
12071,7
12072,6
12073,3
12074,9
12075,18
12076,18
12077,15
12078,7
12079,16
12080,10
12081,5
12082,17
12083,7
12084,7
12085,18
12086,7
12087,7
12088,16
12089,8
12090,18
12091,7
12092,7
12093,7
12094,18
12095,10
12096,7
12097,7
12098,7
12099,10
12100,13
12101,7
12102,7
12103,7
12104,18
12105,5
12106,9
12107,18
12108,5
12109,5
12110,5
12111,7
12112,4
12113,7
12114,18
12115,7
12116,13
12117,7
12118,18
12119,13
12120,7
12121,17
12122,7
12123,7
12124,15
12125,7
12126,15
12127,19
12128,18
12129,17
12130,16
12131,7
12132,10
12133,13
12134,10
12135,18
12136,7
12137,7
12138,13
12139,13
12140,7
12141,13
12142,7
12143,17
12144,7
12145,15
12146,7
12147,13
12148,2
12149,7
12150,9
12151,7
12152,18
12153,18
12154,7
12155,10
12156,15
12157,10
12158,9
12159,7
12160,7
12161,7
12162,13
12163,3
12164,18
12165,7
12166,16
12167,15
12168,18
12169,7
12170,7
12171,9
12172,17
12173,16
12174,15
12175,7
12176,9
12177,18
12178,7
12179,18
12180,13
12181,7
12182,10
12183,13
12184,17
12185,7
12186,7
12187,18
12188,7
12189,9
12190,9
12191,7
12192,18
12193,5
12194,3
12195,7
12196,7
12197,18
12198,7
12199,18
12200,18
12201,16
12202,18
12203,5
12204,7
12205,7
12206,7
12207,15
12208,7
12209,18
12210,9
12211,15
12212,13
12213,9
12214,7
12215,17
12216,9
12217,7
12218,7
12219,9
12220,3
12221,18
12222,15
12223,18
12224,18
12225,5
12226,7
12227,18
12228,13
12229,7
12230,7
12231,7
12232,17
12233,7
12234,4
12235,15
12236,5
12237,11
12238,18
12239,7
12240,17
12241,13
12242,15
12243,7
12244,7
12245,7
12246,7
12247,18
12248,18
12249,18
12250,18
12251,13
12252,7
12253,5
12254,7
12255,16
12256,5
12257,7
12258,7
12259,7
12260,5
12261,13
12262,9
12263,18
12264,18
12265,7
12266,7
12267,4
12268,18
12269,18
12270,7
12271,17
12272,16
12273,14
12274,18
12275,18
12276,7
12277,7
12278,15
12279,17
12280,15
12281,13
12282,15
12283,18
12284,7
12285,12
12286,16
12287,7
12288,5
12289,13
12290,7
12291,18
12292,18
12293,7
12294,7
12295,7
12296,7
12297,18
12298,18
12299,10
12300,7
12301,18
12302,7
12303,18
12304,7
12305,9
12306,9
12307,7
12308,15
12309,18
12310,7
12311,20
12312,9
12313,18
12314,2
12315,7
12316,7
12317,18
12318,7
12319,7
12320,7
12321,15
12322,18
12323,18
12324,10
12325,7
12326,15
12327,9
12328,16
12329,7
12330,7
12331,7
12332,7
12333,9
12334,18
12335,7
12336,18
12337,7
12338,5
12339,7
12340,18
12341,7
12342,7
12343,7
12344,7
12345,13
12346,7
12347,7
12348,18
12349,7
12350,7
12351,7
12352,7
12353,7
12354,7
12355,19
12356,18
12357,12
12358,7
12359,10
12360,9
12361,7
12362,10
12363,7
12364,15
12365,8
12366,7
12367,10
12368,7
12369,13
12370,7
12371,7
12372,7
12373,17
12374,18
12375,15
12376,9
12377,15
12378,18
12379,18
12380,16
12381,5
12382,7
12383,7
12384,18
12385,7
12386,7
12387,7
12388,7
12389,16
12390,9
12391,7
12392,5
12393,13
12394,20
12395,18
12396,7
12397,8
12398,7
12399,7
12400,7
12401,7
12402,15
12403,18
12404,15
12405,7
12406,17
12407,17
12408,4
12409,7
12410,7
12411,7
12412,7
12413,8
12414,7
12415,18
12416,7
12417,15
12418,18
12419,8
12420,13
12421,7
12422,17
12423,7
12424,7
12425,8
12426,18
12427,15
12428,7
12429,7
12430,5
12431,9
12432,7
12433,5
12434,7
12435,9
12436,7
12437,8
12438,15
12439,9
12440,7
12441,7
12442,9
12443,15
12444,7
12445,7
12446,7
12447,15
12448,7
12449,18
12450,7
12451,7
12452,7
12453,17
12454,13
12455,7
12456,18
12457,7
12458,7
12459,9
12460,5
12461,7
12462,12
12463,7
12464,15
12465,10
12466,9
12467,7
12468,7
12469,5
12470,7
12471,18
12472,14
12473,7
12474,18
12475,18
12476,7
12477,7
12478,15
12479,15
12480,15
12481,9
12482,11
12483,7
12484,2
12485,18
12486,18
12487,18
12488,9
12489,18
12490,7
12491,18
12492,17
12493,13
12494,7
12495,7
12496,9
12497,7
12498,18
12499,7
12500,5
12501,7
12502,14
12503,12
12504,7
12505,9
12506,15
12507,17
12508,13
12509,7
12510,7
12511,9
12512,7
12513,7
12514,9
12515,5
12516,5
12517,7
12518,18
12519,15
12520,5
12521,7
12522,7
12523,14
12524,7
12525,7
12526,9
12527,7
12528,16
12529,7
12530,7
12531,5
12532,9
12533,7
12534,16
12535,18
12536,3
12537,13
12538,5
12539,7
12540,15
12541,15
12542,9
12543,18
12544,18
12545,10
12546,9
12547,7
12548,7
12549,17
12550,9
12551,7
12552,7
12553,18
12554,7
12555,7
12556,9
12557,18
12558,10
12559,7
12560,13
12561,11
12562,7
12563,5
12564,7
12565,14
12566,7
12567,7
12568,7
12569,12
12570,7
12571,17
12572,17
12573,17
12574,5
12575,5
12576,16
12577,18
12578,7
12579,7
12580,15
12581,5
12582,7
12583,7
12584,17
12585,13
12586,18
12587,7
12588,15
12589,7
12590,5
12591,11
12592,18
12593,5
12594,18
12595,7
12596,10
12597,7
12598,1
12599,7
12600,7
12601,14
12602,7
12603,5
12604,5
12605,18
12606,7
12607,7
12608,18
12609,5
12610,7
12611,18
12612,7
12613,7
12614,7
12615,17
12616,18
12617,12
12618,7
12619,7
12620,7
12621,7
12622,7
12623,15
12624,3
12625,14
12626,7
12627,18
12628,18
12629,7
12630,18
12631,18
12632,7
12633,7
12634,7
12635,18
12636,15
12637,7
12638,9
12639,7
12640,9
12641,7
12642,9
12643,18
12644,18
12645,15
12646,11
12647,18
12648,20
12649,7
12650,7
12651,7
12652,5
12653,7
12654,7
12655,17
12656,14
12657,7
12658,7
12659,15
12660,14
12661,18
12662,7
12663,15
12664,10
12665,7
12666,7
12667,17
12668,7
12669,7
12670,7
12671,7
12672,7
12673,5
12674,18
12675,7
12676,7
12677,15
12678,9
12679,5
12680,18
12681,5
12682,19
12683,7
12684,18
12685,18
12686,15
12687,10
12688,7
12689,7
12690,7
12691,12
12692,18
12693,18
12694,18
12695,7
12696,2
12697,18
12698,5
12699,2
12700,7
12701,8
12702,7
12703,14
12704,15
12705,7
12706,1
12707,15
12708,18
12709,5
12710,17
12711,7
12712,18
12713,7
12714,18
12715,16
12716,13
12717,13
12718,11
12719,10
12720,4
12721,5
12722,7
12723,7
12724,12
12725,18
12726,14
12727,13
12728,7
12729,5
12730,15
12731,7
12732,7
12733,7
12734,13
12735,7
12736,5
12737,18
12738,16
12739,17
12740,5
12741,18
12742,7
12743,7
12744,7
12745,18
12746,9
12747,14
12748,17
12749,18
12750,7
12751,18
12752,7
12753,17
12754,7
12755,9
12756,7
12757,18
12758,7
12759,9
12760,20
12761,7
12762,7
12763,7
12764,7
12765,18
12766,18
12767,9
12768,16
12769,7
12770,18
12771,18
12772,7
12773,10
12774,18
12775,7
12776,7
12777,7
12778,5
12779,7
12780,7
12781,18
12782,19
12783,7
12784,2
12785,18
12786,18
12787,9
12788,7
12789,17
12790,7
12791,7
12792,17
12793,10
12794,9
12795,7
12796,7
12797,7
12798,15
12799,18
12800,7
12801,13
12802,15
12803,7
12804,10
12805,4
12806,7
12807,7
12808,7
12809,5
12810,7
12811,17
12812,8
12813,9
12814,7
12815,12
12816,18
12817,19
12818,11
12819,9
12820,8
12821,7
12822,7
12823,18
12824,13
12825,7
12826,7
12827,18
12828,7
12829,9
12830,7
12831,20
12832,5
12833,5
12834,5
12835,18
12836,18
12837,17
12838,15
12839,15
12840,7
12841,7
12842,7
12843,7
12844,18
12845,16
12846,7
12847,7
12848,4
12849,18
12850,7
12851,13
12852,7
12853,15
12854,13
12855,7
12856,7
12857,18
12858,7
12859,7
12860,7
12861,6
12862,16
12863,18
12864,1
12865,7
12866,5
12867,7
12868,10
12869,18
12870,15
12871,9
12872,18
12873,17
12874,4
12875,18
12876,7
12877,7
12878,5
12879,7
12880,11
12881,7
12882,18
12883,7
12884,3
12885,9
12886,7
12887,19
12888,18
12889,7
12890,7
12891,14
12892,13
12893,7
12894,15
12895,7
12896,16
12897,18
12898,16
12899,7
12900,18
12901,2
12902,18
12903,17
12904,7
12905,18
12906,1
12907,7
12908,7
12909,9
12910,18
12911,7
12912,7
12913,18
12914,5
12915,7
12916,7
12917,17
12918,15
12919,7
12920,15
12921,9
12922,7
12923,18
12924,9
12925,7
12926,4
12927,7
12928,5
12929,18
12930,5
12931,18
12932,9
12933,15
12934,13
12935,7
12936,5
12937,9
12938,14
12939,12
12940,7
12941,7
12942,7
12943,7
12944,8
12945,11
12946,18
12947,10
12948,16
12949,17
12950,18
12951,18
12952,7
12953,15
12954,7
12955,18
12956,7
12957,9
12958,7
12959,5
12960,4
12961,9
12962,14
12963,10
12964,7
12965,7
12966,18
12967,18
12968,18
12969,10
12970,9
12971,15
12972,2
12973,9
12974,7
12975,7
12976,18
12977,9
12978,18
12979,11
12980,18
12981,7
12982,16
12983,18
12984,9
12985,18
12986,12
12987,18
12988,9
12989,7
12990,15
12991,7
12992,7
12993,19
12994,7
12995,18
12996,7
12997,7
12998,18
12999,9
13000,7
13001,7
13002,7
13003,18
13004,9
13005,7
13006,10
13007,18
13008,7
13009,5
13010,7
13011,7
13012,5
13013,7
13014,15
13015,5
13016,7
13017,7
13018,18
13019,7
13020,18
13021,16
13022,7
13023,18
13024,3
13025,18
13026,18
13027,7
13028,7
13029,7
13030,18
13031,7
13032,7
13033,5
13034,5
13035,7
13036,7
13037,18
13038,10
13039,18
13040,7
13041,7
13042,7
13043,9
13044,7
13045,5
13046,18
13047,14
13048,14
13049,5
13050,5
13051,18
13052,16
13053,7
13054,15
13055,7
13056,15
13057,7
13058,18
13059,9
13060,7
13061,7
13062,16
13063,7
13064,9
13065,9
13066,15
13067,7
13068,18
13069,7
13070,7
13071,16
13072,15
13073,18
13074,18
13075,7
13076,7
13077,5
13078,9
13079,16
13080,18
13081,7
13082,7
13083,9
13084,5
13085,7
13086,7
13087,7
13088,7
13089,13
13090,7
13091,9
13092,11
13093,15
13094,7
13095,4
13096,7
13097,20
13098,15
13099,11
13100,13
13101,10
13102,17
13103,3
13104,4
13105,7
13106,7
13107,16
13108,4
13109,9
13110,10
13111,9
13112,15
13113,10
13114,15
13115,7
13116,18
13117,7
13118,4
13119,17
13120,18
13121,17
13122,7
13123,18
13124,7
13125,5
13126,10
13127,17
13128,7
13129,18
13130,5
13131,18
13132,5
13133,19
13134,7
13135,18
13136,16
13137,15
13138,8
13139,7
13140,7
13141,7
13142,7
13143,15
13144,7
13145,7
13146,15
13147,5
13148,9
13149,5
13150,15
13151,9
13152,13
13153,6
13154,17
13155,9
13156,9
13157,17
13158,7
13159,15
13160,14
13161,18
13162,14
13163,7
13164,5
13165,1
13166,5
13167,7
13168,11
13169,13
13170,7
13171,13
13172,18
13173,17
13174,18
13175,7
13176,7
13177,15
13178,12
13179,12
13180,7
13181,7
13182,20
13183,7
13184,16
13185,7
13186,18
13187,7
13188,18
13189,9
13190,7
13191,18
13192,7
13193,8
13194,16
13195,3
13196,5
13197,17
13198,9
13199,7
13200,7
13201,15
13202,7
13203,7
13204,7
13205,10
13206,7
13207,5
13208,7
13209,7
13210,18
13211,5
13212,7
13213,7
13214,7
13215,7
13216,13
13217,7
13218,16
13219,16
13220,10
13221,7
13222,7
13223,19
13224,9
13225,7
13226,7
13227,17
13228,7
13229,9
13230,19
13231,7
13232,7
13233,7
13234,7
13235,1
13236,18
13237,9
13238,9
13239,9
13240,17
13241,18
13242,7
13243,7
13244,7
13245,9
13246,18
13247,7
13248,9
13249,7
13250,18
13251,7
13252,7
13253,18
13254,18
13255,7
13256,18
13257,7
13258,9
13259,9
13260,8
13261,5
13262,16
13263,7
13264,9
13265,9
13266,10
13267,1
13268,7
13269,18
13270,7
13271,18
13272,7
13273,7
13274,15
13275,5
13276,20
13277,4
13278,7
13279,5
13280,3
13281,7
13282,7
13283,17
13284,11
13285,7
13286,7
13287,18
13288,18
13289,7
13290,18
13291,19
13292,11
13293,7
13294,9
13295,7
13296,15
13297,17
13298,17
13299,13
13300,18
13301,5
13302,18
13303,10
13304,7
13305,18
13306,15
13307,7
13308,5
13309,5
13310,7
13311,4
13312,5
13313,18
13314,10
13315,18
13316,10
13317,9
13318,18
13319,18
13320,7
13321,15
13322,18
13323,7
13324,13
13325,13
13326,18
13327,9
13328,7
13329,17
13330,8
13331,11
13332,18
13333,7
13334,10
13335,18
13336,5
13337,5
13338,5
13339,18
13340,18
13341,13
13342,7
13343,16
13344,12
13345,16
13346,18
13347,7
13348,14
13349,7
13350,9
13351,18
13352,7
13353,7
13354,17
13355,7
13356,15
13357,5
13358,7
13359,14
13360,14
13361,10
13362,7
13363,18
13364,7
13365,10
13366,7
13367,18
13368,7
13369,18
13370,7
13371,15
13372,7
13373,15
13374,10
13375,15
13376,18
13377,5
13378,10
13379,20
13380,18
13381,5
13382,17
13383,18
13384,10
13385,7
13386,7
13387,9
13388,7
13389,7
13390,18
13391,5
13392,7
13393,20
13394,10
13395,13
13396,13
13397,9
13398,5
13399,13
13400,18
13401,7
13402,5
13403,15
13404,7
13405,17
13406,7
13407,9
13408,9
13409,7
13410,17
13411,17
13412,7
13413,5
13414,18
13415,7
13416,7
13417,18
13418,13
13419,10
13420,14
13421,7
13422,7
13423,15
13424,7
13425,7
13426,7
13427,5
13428,7
13429,7
13430,9
13431,5
13432,9
13433,3
13434,7
13435,15
13436,7
13437,8
13438,7
13439,13
13440,9
13441,7
13442,4
13443,5
13444,14
13445,9
13446,7
13447,11
13448,7
13449,15
13450,18
13451,9
13452,18
13453,7
13454,13
13455,12
13456,7
13457,7
13458,18
13459,7
13460,7
13461,18
13462,18
13463,7
13464,15
13465,7
13466,10
13467,18
13468,15
13469,7
13470,13
13471,9
13472,7
13473,7
13474,7
13475,9
13476,19
13477,7
13478,18
13479,9
13480,7
13481,7
13482,7
13483,18
13484,7
13485,15
13486,15
13487,7
13488,18
13489,7
13490,7
13491,13
13492,14
13493,20
13494,7
13495,16
13496,7
13497,7
13498,7
13499,7
13500,18
13501,20
13502,7
13503,9
13504,15
13505,7
13506,7
13507,13
13508,5
13509,7
13510,18
13511,2
13512,18
13513,12
13514,18
13515,7
13516,10
13517,5
13518,17
13519,7
13520,5
13521,7
13522,16
13523,7
13524,15
13525,7
13526,18
13527,10
13528,10
13529,18
13530,7
13531,10
13532,17
13533,9
13534,4
13535,11
13536,7
13537,7
13538,7
13539,7
13540,7
13541,5
13542,7
13543,20
13544,17
13545,6
13546,9
13547,7
13548,17
13549,7
13550,18
13551,12
13552,17
13553,18
13554,7
13555,10
13556,9
13557,18
13558,7
13559,7
13560,7
13561,18
13562,7
13563,11
13564,16
13565,19
13566,18
13567,7
13568,9
13569,18
13570,7
13571,17
13572,7
13573,18
13574,7
13575,13
13576,7
13577,5
13578,18
13579,17
13580,18
13581,11
13582,8
13583,10
13584,7
13585,5
13586,12
13587,14
13588,12
13589,9
13590,18
13591,15
13592,17
13593,7
13594,7
13595,20
13596,7
13597,13
13598,7
13599,5
13600,3
13601,14
13602,7
13603,7
13604,15
13605,8
13606,15
13607,7
13608,5
13609,7
13610,15
13611,7
13612,9
13613,7
13614,9
13615,7
13616,5
13617,7
13618,7
13619,10
13620,15
13621,18
13622,9
13623,15
13624,10
13625,9
13626,15
13627,7
13628,18
13629,18
13630,7
13631,7
13632,7
13633,7
13634,7
13635,7
13636,18
13637,2
13638,18
13639,7
13640,9
13641,15
13642,1
13643,7
13644,7
13645,7
13646,7
13647,13
13648,7
13649,7
13650,7
13651,5
13652,10
13653,13
13654,17
13655,7
13656,9
13657,7
13658,15
13659,18
13660,12
13661,15
13662,13
13663,7
13664,4
13665,18
13666,18
13667,7
13668,20
13669,9
13670,7
13671,9
13672,16
13673,7
13674,18
13675,7
13676,7
13677,15
13678,7
13679,18
13680,15
13681,5
13682,14
13683,7
13684,7
13685,8
13686,7
13687,7
13688,7
13689,18
13690,10
13691,10
13692,7
13693,7
13694,13
13695,16
13696,15
13697,18
13698,9
13699,13
13700,12
13701,7
13702,7
13703,7
13704,5
13705,7
13706,7
13707,7
13708,7
13709,12
13710,17
13711,5
13712,7
13713,18
13714,7
13715,18
13716,3
13717,4
13718,18
13719,7
13720,9
13721,19
13722,5
13723,9
13724,7
13725,5
13726,7
13727,12
13728,7
13729,7
13730,12
13731,7
13732,7
13733,13
13734,15
13735,10
13736,16
13737,5
13738,9
13739,18
13740,3
13741,18
13742,7
13743,15
13744,13
13745,15
13746,13
13747,15
13748,5
13749,5
13750,7
13751,7
13752,7
13753,7
13754,18
13755,7
13756,7
13757,7
13758,7
13759,7
13760,20
13761,7
13762,7
13763,13
13764,10
13765,7
13766,7
13767,17
13768,7
13769,7
13770,10
13771,17
13772,18
13773,7
13774,7
13775,10
13776,15
13777,7
13778,7
13779,18
13780,15
13781,11
13782,7
13783,7
13784,18
13785,9
13786,7
13787,7
13788,7
13789,7
13790,7
13791,18
13792,7
13793,7
13794,7
13795,7
13796,7
13797,18
13798,7
13799,7
13800,7
13801,7
13802,7
13803,18
13804,7
13805,15
13806,7
13807,17
13808,16
13809,7
13810,7
13811,15
13812,7
13813,9
13814,18
13815,19
13816,9
13817,15
13818,7
13819,7
13820,7
13821,3
13822,17
13823,5
13824,9
13825,9
13826,16
13827,18
13828,7
13829,9
13830,7
13831,7
13832,8
13833,15
13834,2
13835,10
13836,7
13837,7
13838,7
13839,17
13840,18
13841,5
13842,5
13843,7
13844,7
13845,7
13846,15
13847,10
13848,15
13849,18
13850,8
13851,5
13852,5
13853,7
13854,7
13855,9
13856,7
13857,18
13858,12
13859,18
13860,7
13861,5
13862,18
13863,5
13864,7
13865,7
13866,7
13867,5
13868,7
13869,9
13870,7
13871,7
13872,7
13873,16
13874,7
13875,13
13876,7
13877,18
13878,8
13879,18
13880,7
13881,9
13882,7
13883,11
13884,18
13885,7
13886,13
13887,20
13888,15
13889,18
13890,10
13891,7
13892,17
13893,7
13894,18
13895,18
13896,10
13897,7
13898,7
13899,18
13900,7
13901,7
13902,10
13903,4
13904,1
13905,7
13906,18
13907,7
13908,5
13909,7
13910,7
13911,7
13912,7
13913,14
13914,18
13915,15
13916,7
13917,7
13918,5
13919,17
13920,14
13921,18
13922,9
13923,5
13924,7
13925,14
13926,15
13927,7
13928,5
13929,7
13930,7
13931,15
13932,7
13933,17
13934,9
13935,16
13936,18
13937,18
13938,5
13939,10
13940,3
13941,8
13942,7
13943,19
13944,9
13945,7
13946,5
13947,7
13948,18
13949,14
13950,9
13951,4
13952,7
13953,13
13954,18
13955,15
13956,7
13957,7
13958,7
13959,9
13960,12
13961,18
13962,7
13963,7
13964,10
13965,5
13966,9
13967,18
13968,7
13969,7
13970,13
13971,15
13972,15
13973,12
13974,15
13975,7
13976,7
13977,9
13978,9
13979,13
13980,19
13981,9
13982,15
13983,7
13984,18
13985,7
13986,7
13987,18
13988,18
13989,7
13990,2
13991,7
13992,18
13993,1
13994,9
13995,13
13996,13
13997,7
13998,1
13999,7
14000,7
14001,18
14002,5
14003,7
14004,7
14005,7
14006,18
14007,18
14008,18
14009,5
14010,16
14011,8
14012,7
14013,17
14014,7
14015,9
14016,7
14017,9
14018,7
14019,7
14020,7
14021,9
14022,18
14023,16
14024,18
14025,15
14026,7
14027,7
14028,5
14029,18
14030,11
14031,20
14032,7
14033,5
14034,5
14035,18
14036,7
14037,7
14038,19
14039,7
14040,7
14041,7
14042,7
14043,18
14044,7
14045,18
14046,7
14047,18
14048,7
14049,17
14050,16
14051,9
14052,18
14053,18
14054,16
14055,7
14056,7
14057,7
14058,7
14059,18
14060,7
14061,9
14062,18
14063,5
14064,5
14065,9
14066,13
14067,16
14068,16
14069,18
14070,11
14071,7
14072,9
14073,7
14074,18
14075,7
14076,9
14077,7
14078,16
14079,7
14080,18
14081,16
14082,7
14083,7
14084,7
14085,18
14086,19
14087,9
14088,7
14089,5
14090,12
14091,9
14092,13
14093,18
14094,5
14095,7
14096,18
14097,15
14098,12
14099,7
14100,6
14101,4
14102,7
14103,7
14104,18
14105,5
14106,14
14107,18
14108,18
14109,18
14110,11
14111,16
14112,7
14113,15
14114,6
14115,18
14116,15
14117,15
14118,15
14119,16
14120,7
14121,18
14122,7
14123,15
14124,12
14125,18
14126,13
14127,9
14128,7
14129,11
14130,15
14131,15
14132,18
14133,7
14134,16
14135,1
14136,12
14137,7
14138,17
14139,14
14140,7
14141,7
14142,7
14143,7
14144,7
14145,7
14146,20
14147,16
14148,7
14149,18
14150,17
14151,17
14152,18
14153,7
14154,7
14155,7
14156,18
14157,7
14158,18
14159,18
14160,2
14161,13
14162,18
14163,17
14164,5
14165,18
14166,9
14167,5
14168,18
14169,15
14170,7
14171,7
14172,1
14173,15
14174,18
14175,18
14176,12
14177,1
14178,9
14179,9
14180,7
14181,18
14182,9
14183,7
14184,18
14185,8
14186,18
14187,18
14188,7
14189,7
14190,7
14191,18
14192,18
14193,20
14194,7
14195,12
14196,8
14197,13
14198,7
14199,7
14200,13
14201,15
14202,5
14203,5
14204,7
14205,15
14206,20
14207,12
14208,18
14209,7
14210,18
14211,13
14212,9
14213,7
14214,17
14215,5
14216,7
14217,16
14218,9
14219,18
14220,17
14221,7
14222,16
14223,18
14224,5
14225,7
14226,8
14227,16
14228,14
14229,13
14230,17
14231,7
14232,5
14233,18
14234,12
14235,8
14236,9
14237,7
14238,7
14239,7
14240,17
14241,7
14242,7
14243,18
14244,18
14245,7
14246,3
14247,7
14248,8
14249,7
14250,18
14251,18
14252,7
14253,17
14254,7
14255,17
14256,17
14257,18
14258,7
14259,7
14260,8
14261,7
14262,7
14263,18
14264,7
14265,7
14266,7
14267,7
14268,9
14269,7
14270,18
14271,17
14272,18
14273,16
14274,7
14275,7
14276,8
14277,7
14278,9
14279,7
14280,18
14281,7
14282,5
14283,7
14284,7
14285,12
14286,5
14287,9
14288,7
14289,15
14290,18
14291,10
14292,7
14293,7
14294,7
14295,7
14296,7
14297,7
14298,16
14299,7
14300,4
14301,7
14302,7
14303,18
14304,14
14305,7
14306,16
14307,18
14308,7
14309,7
14310,18
14311,18
14312,9
14313,5
14314,16
14315,14
14316,18
14317,7
14318,15
14319,16
14320,18
14321,7
14322,16
14323,18
14324,15
14325,7
14326,13
14327,5
14328,7
14329,18
14330,3
14331,7
14332,17
14333,20
14334,18
14335,18
14336,7
14337,9
14338,17
14339,19
14340,15
14341,6
14342,7
14343,7
14344,18
14345,9
14346,7
14347,7
14348,18
14349,18
14350,3
14351,16
14352,8
14353,17
14354,18
14355,7
14356,7
14357,9
14358,7
14359,18
14360,13
14361,7
14362,15
14363,13
14364,7
14365,14
14366,7
14367,7
14368,18
14369,15
14370,13
14371,7
14372,5
14373,7
14374,15
14375,7
14376,7
14377,7
14378,7
14379,18
14380,13
14381,7
14382,7
14383,18
14384,7
14385,7
14386,7
14387,5
14388,7
14389,18
14390,2
14391,12
14392,16
14393,18
14394,18
14395,15
14396,7
14397,7
14398,7
14399,7
14400,14
14401,6
14402,6
14403,13
14404,7
14405,7
14406,7
14407,15
14408,18
14409,7
14410,17
14411,7
14412,9
14413,14
14414,15
14415,7
14416,18
14417,8
14418,5
14419,18
14420,7
14421,7
14422,15
14423,7
14424,7
14425,2
14426,7
14427,5
14428,7
14429,13
14430,7
14431,3
14432,9
14433,15
14434,7
14435,7
14436,7
14437,9
14438,7
14439,9
14440,7
14441,18
14442,7
14443,15
14444,7
14445,12
14446,9
14447,9
14448,7
14449,9
14450,13
14451,7
14452,7
14453,18
14454,18
14455,10
14456,18
14457,9
14458,18
14459,7
14460,7
14461,17
14462,16
14463,7
14464,7
14465,5
14466,5
14467,7
14468,7
14469,7
14470,7
14471,15
14472,3
14473,14
14474,18
14475,18
14476,5
14477,7
14478,18
14479,18
14480,9
14481,4
14482,7
14483,7
14484,5
14485,7
14486,5
14487,7
14488,7
14489,7
14490,7
14491,7
14492,17
14493,5
14494,7
14495,15
14496,17
14497,7
14498,8
14499,7
14500,7
14501,7
14502,18
14503,7
14504,7
14505,7
14506,15
14507,15
14508,7
14509,7
14510,18
14511,7
14512,15
14513,18
14514,14
14515,17
14516,18
14517,9
14518,10
14519,7
14520,7
14521,5
14522,18
14523,7
14524,15
14525,20
14526,9
14527,7
14528,12
14529,18
14530,9
14531,9
14532,7
14533,15
14534,5
14535,13
14536,15
14537,18
14538,7
14539,9
14540,9
14541,19
14542,7
14543,5
14544,7
14545,7
14546,7
14547,18
14548,7
14549,18
14550,8
14551,13
14552,10
14553,7
14554,15
14555,18
14556,9
14557,4
14558,7
14559,4
14560,2
14561,16
14562,9
14563,8
14564,7
14565,14
14566,7
14567,7
14568,18
14569,15
14570,7
14571,10
14572,14
14573,9
14574,15
14575,5
14576,7
14577,17
14578,18
14579,13
14580,8
14581,18
14582,15
14583,18
14584,7
14585,7
14586,10
14587,15
14588,7
14589,7
14590,12
14591,18
14592,5
14593,9
14594,18
14595,18
14596,18
14597,5
14598,7
14599,7
14600,18
14601,13
14602,7
14603,15
14604,7
14605,7
14606,5
14607,12
14608,9
14609,18
14610,7
14611,15
14612,8
14613,19
14614,7
14615,7
14616,9
14617,7
14618,7
14619,7
14620,12
14621,7
14622,15
14623,18
14624,8
14625,5
14626,17
14627,7
14628,5
14629,18
14630,17
14631,7
14632,7
14633,8
14634,18
14635,9
14636,18
14637,5
14638,15
14639,18
14640,7
14641,7
14642,9
14643,9
14644,18
14645,4
14646,18
14647,18
14648,9
14649,5
14650,18
14651,18
14652,9
14653,7
14654,7
14655,7
14656,7
14657,7
14658,4
14659,7
14660,15
14661,7
14662,18
14663,9
14664,18
14665,7
14666,18
14667,14
14668,17
14669,10
14670,7
14671,5
14672,15
14673,7
14674,9
14675,18
14676,7
14677,16
14678,17
14679,7
14680,7
14681,17
14682,13
14683,7
14684,9
14685,7
14686,7
14687,7
14688,3
14689,16
14690,7
14691,18
14692,10
14693,16
14694,13
14695,7
14696,7
14697,5
14698,14
14699,17
14700,15
14701,7
14702,7
14703,17
14704,12
14705,7
14706,18
14707,17
14708,7
14709,15
14710,14
14711,14
14712,7
14713,9
14714,7
14715,7
14716,9
14717,7
14718,8
14719,7
14720,7
14721,7
14722,7
14723,13
14724,7
14725,8
14726,3
14727,9
14728,7
14729,18
14730,8
14731,7
14732,16
14733,7
14734,18
14735,15
14736,7
14737,12
14738,7
14739,18
14740,7
14741,7
14742,9
14743,10
14744,2
14745,17
14746,8
14747,17
14748,7
14749,18
14750,7
14751,7
14752,7
14753,17
14754,7
14755,6
14756,7
14757,15
14758,9
14759,10
14760,5
14761,7
14762,8
14763,15
14764,7
14765,9
14766,16
14767,7
14768,15
14769,7
14770,7
14771,16
14772,16
14773,7
14774,7
14775,13
14776,18
14777,14
14778,14
14779,7
14780,18
14781,7
14782,7
14783,18
14784,7
14785,18
14786,7
14787,5
14788,16
14789,5
14790,7
14791,15
14792,4
14793,18
14794,18
14795,14
14796,7
14797,7
14798,7
14799,1
14800,15
14801,7
14802,18
14803,15
14804,7
14805,7
14806,7
14807,5
14808,7
14809,17
14810,7
14811,9
14812,18
14813,12
14814,7
14815,7
14816,7
14817,7
14818,18
14819,15
14820,7
14821,18
14822,15
14823,7
14824,7
14825,7
14826,7
14827,8
14828,7
14829,7
14830,13
14831,13
14832,7
14833,9
14834,8
14835,7
14836,13
14837,5
14838,7
14839,17
14840,7
14841,7
14842,12
14843,13
14844,7
14845,7
14846,13
14847,9
14848,7
14849,15
14850,7
14851,12
14852,7
14853,16
14854,13
14855,7
14856,7
14857,18
14858,7
14859,13
14860,5
14861,18
14862,7
14863,8
14864,4
14865,17
14866,1
14867,7
14868,7
14869,7
14870,9
14871,18
14872,12
14873,5
14874,14
14875,8
14876,7
14877,7
14878,9
14879,17
14880,5
14881,18
14882,7
14883,18
14884,18
14885,7
14886,15
14887,16
14888,7
14889,16
14890,9
14891,5
14892,18
14893,7
14894,5
14895,18
14896,7
14897,13
14898,7
14899,15
14900,7
14901,10
14902,16
14903,7
14904,5
14905,15
14906,7
14907,7
14908,15
14909,7
14910,7
14911,7
14912,9
14913,11
14914,16
14915,18
14916,16
14917,7
14918,7
14919,5
14920,7
14921,7
14922,14
14923,7
14924,7
14925,17
14926,7
14927,9
14928,7
14929,7
14930,7
14931,7
14932,17
14933,9
14934,18
14935,7
14936,9
14937,7
14938,5
14939,7
14940,18
14941,7
14942,7
14943,13
14944,16
14945,7
14946,7
14947,7
14948,13
14949,7
14950,7
14951,5
14952,18
14953,7
14954,13
14955,14
14956,13
14957,7
14958,8
14959,18
14960,7
14961,17
14962,18
14963,7
14964,7
14965,7
14966,5
14967,7
14968,7
14969,7
14970,5
14971,14
14972,13
14973,7
14974,7
14975,9
14976,5
14977,7
14978,7
14979,9
14980,18
14981,7
14982,7
14983,9
14984,14
14985,18
14986,13
14987,7
14988,18
14989,17
14990,9
14991,7
14992,7
14993,18
14994,7
14995,7
14996,5
14997,18
14998,8
14999,6
15000,16
15001,5
15002,17
15003,7
15004,16
15005,19
15006,13
15007,5
15008,7
15009,13
15010,9
15011,9
15012,18
15013,14
15014,16
15015,7
15016,7
15017,20
15018,15
15019,7
15020,7
15021,13
15022,10
15023,17
15024,18
15025,7
15026,9
15027,7
15028,14
15029,14
15030,5
15031,10
15032,18
15033,5
15034,7
15035,7
15036,7
15037,18
15038,15
15039,9
15040,9
15041,17
15042,7
15043,5
15044,13
15045,7
15046,7
15047,18
15048,18
15049,18
15050,10
15051,9
15052,7
15053,10
15054,7
15055,18
15056,4
15057,7
15058,7
15059,17
15060,15
15061,7
15062,7
15063,7
15064,9
15065,7
15066,13
15067,7
15068,9
15069,13
15070,5
15071,7
15072,7
15073,9
15074,12
15075,17
15076,5
15077,18
15078,5
15079,10
15080,8
15081,7
15082,17
15083,15
15084,18
15085,7
15086,12
15087,9
15088,3
15089,7
15090,16
15091,7
15092,13
15093,7
15094,7
15095,14
15096,7
15097,5
15098,7
15099,18
15100,19
15101,4
15102,1
15103,18
15104,7
15105,7
15106,7
15107,5
15108,13
15109,7
15110,18
15111,5
15112,17
15113,7
15114,7
15115,9
15116,18
15117,15
15118,3
15119,7
15120,18
15121,5
15122,5
15123,7
15124,7
15125,9
15126,7
15127,7
15128,7
15129,7
15130,18
15131,12
15132,9
15133,18
15134,7
15135,7
15136,10
15137,17
15138,5
15139,7
15140,17
15141,7
15142,7
15143,18
15144,13
15145,14
15146,7
15147,17
15148,18
15149,7
15150,20
15151,7
15152,7
15153,5
15154,18
15155,7
15156,9
15157,7
15158,15
15159,9
15160,7
15161,7
15162,7
15163,15
15164,10
15165,9
15166,18
15167,7
15168,15
15169,7
15170,9
15171,18
15172,7
15173,7
15174,7
15175,7
15176,15
15177,18
15178,7
15179,13
15180,18
15181,7
15182,18
15183,3
15184,7
15185,17
15186,13
15187,18
15188,5
15189,7
15190,10
15191,18
15192,18
15193,17
15194,10
15195,17
15196,3
15197,7
15198,15
15199,7
15200,7
15201,13
15202,7
15203,17
15204,18
15205,7
15206,16
15207,7
15208,7
15209,9
15210,5
15211,5
15212,17
15213,17
15214,7
15215,7
15216,10
15217,7
15218,6
15219,17
15220,9
15221,10
15222,7
15223,7
15224,8
15225,9
15226,7
15227,10
15228,17
15229,5
15230,7
15231,12
15232,15
15233,11
15234,7
15235,7
15236,13
15237,7
15238,18
15239,5
15240,7
15241,7
15242,17
15243,18
15244,7
15245,9
15246,7
15247,10
15248,13
15249,7
15250,13
15251,17
15252,13
15253,7
15254,10
15255,7
15256,16
15257,13
15258,8
15259,7
15260,18
15261,15
15262,7
15263,10
15264,18
15265,9
15266,7
15267,18
15268,7
15269,12
15270,14
15271,9
15272,5
15273,11
15274,5
15275,5
15276,7
15277,7
15278,18
15279,3
15280,7
15281,7
15282,18
15283,13
15284,19
15285,7
15286,18
15287,5
15288,10
15289,7
15290,15
15291,7
15292,7
15293,18
15294,18
15295,7
15296,7
15297,7
15298,18
15299,10
15300,7
15301,7
15302,7
15303,7
15304,15
15305,15
15306,7
15307,9
15308,7
15309,3
15310,18
15311,8
15312,7
15313,16
15314,7
15315,15
15316,5
15317,17
15318,7
15319,15
15320,7
15321,7
15322,5
15323,7
15324,7
15325,18
15326,9
15327,7
15328,18
15329,5
15330,9
15331,18
15332,18
15333,7
15334,5
15335,7
15336,18
15337,15
15338,7
15339,18
15340,14
15341,18
15342,7
15343,9
15344,11
15345,7
15346,7
15347,10
15348,7
15349,7
15350,18
15351,7
15352,15
15353,7
15354,7
15355,18
15356,12
15357,5
15358,7
15359,17
15360,13
15361,18
15362,7
15363,7
15364,18
15365,7
15366,7
15367,7
15368,7
15369,18
15370,5
15371,7
15372,9
15373,5
15374,18
15375,5
15376,5
15377,15
15378,15
15379,12
15380,7
15381,5
15382,12
15383,13
15384,7
15385,7
15386,5
15387,7
15388,7
15389,9
15390,15
15391,7
15392,5
15393,7
15394,7
15395,15
15396,18
15397,11
15398,7
15399,18
15400,7
15401,18
15402,18
15403,13
15404,9
15405,7
15406,15
15407,9
15408,18
15409,11
15410,8
15411,17
15412,7
15413,7
15414,5
15415,7
15416,5
15417,18
15418,18
15419,18
15420,7
15421,18
15422,18
15423,17
15424,7
15425,7
15426,7
15427,7
15428,7
15429,6
15430,2
15431,7
15432,7
15433,18
15434,7
15435,7
15436,18
15437,9
15438,7
15439,7
15440,10
15441,11
15442,17
15443,18
15444,7
15445,18
15446,17
15447,13
15448,18
15449,7
15450,9
15451,15
15452,5
15453,18
15454,9
15455,7
15456,5
15457,7
15458,7
15459,9
15460,7
15461,13
15462,14
15463,10
15464,7
15465,7
15466,7
15467,7
15468,15
15469,7
15470,10
15471,7
15472,18
15473,17
15474,7
15475,18
15476,13
15477,9
15478,18
15479,13
15480,11
15481,9
15482,18
15483,7
15484,7
15485,7
15486,7
15487,19
15488,20
15489,20
15490,9
15491,16
15492,4
15493,18
15494,7
15495,10
15496,2
15497,15
15498,5
15499,18
15500,7
15501,5
15502,16
15503,17
15504,13
15505,2
15506,11
15507,18
15508,10
15509,5
15510,7
15511,17
15512,12
15513,9
15514,7
15515,7
15516,16
15517,14
15518,7
15519,9
15520,3
15521,7
15522,12
15523,7
15524,5
15525,7
15526,15
15527,7
15528,5
15529,19
15530,7
15531,7
15532,7
15533,9
15534,16
15535,7
15536,9
15537,6
15538,7
15539,18
15540,7
15541,9
15542,18
15543,7
15544,7
15545,18
15546,7
15547,18
15548,7
15549,7
15550,15
15551,10
15552,13
15553,7
15554,10
15555,18
15556,18
15557,16
15558,18
15559,7
15560,7
15561,1
15562,12
15563,5
15564,15
15565,18
15566,18
15567,7
15568,7
15569,5
15570,7
15571,7
15572,9
15573,7
15574,9
15575,7
15576,18
15577,18
15578,7
15579,7
15580,7
15581,5
15582,7
15583,9
15584,2
15585,18
15586,18
15587,14
15588,7
15589,2
15590,17
15591,7
15592,18
15593,18
15594,16
15595,9
15596,17
15597,18
15598,7
15599,17
15600,9
15601,7
15602,7
15603,5
15604,7
15605,7
15606,5
15607,8
15608,8
15609,9
15610,7
15611,12
15612,7
15613,15
15614,9
15615,17
15616,7
15617,7
15618,15
15619,7
15620,9
15621,7
15622,17
15623,9
15624,7
15625,7
15626,7
15627,16
15628,7
15629,18
15630,7
15631,5
15632,9
15633,17
15634,7
15635,7
15636,7
15637,5
15638,7
15639,7
15640,5
15641,13
15642,18
15643,7
15644,7
15645,17
15646,7
15647,15
15648,18
15649,7
15650,20
15651,18
15652,9
15653,18
15654,7
15655,7
15656,15
15657,17
15658,3
15659,7
15660,7
15661,9
15662,15
15663,7
15664,15
15665,7
15666,9
15667,14
15668,9
15669,7
15670,18
15671,7
15672,7
15673,9
15674,15
15675,7
15676,7
15677,12
15678,7
15679,7
15680,9
15681,10
15682,10
15683,18
15684,18
15685,18
15686,13
15687,10
15688,7
15689,3
15690,7
15691,13
15692,17
15693,18
15694,10
15695,7
15696,7
15697,18
15698,13
15699,7
15700,15
15701,13
15702,5
15703,9
15704,17
15705,7
15706,18
15707,5
15708,5
15709,7
15710,15
15711,7
15712,18
15713,15
15714,7
15715,12
15716,7
15717,15
15718,5
15719,15
15720,20
15721,6
15722,1
15723,7
15724,13
15725,18
15726,7
15727,18
15728,13
15729,5
15730,9
15731,18
15732,10
15733,7
15734,15
15735,9
15736,7
15737,7
15738,18
15739,15
15740,18
15741,18
15742,7
15743,9
15744,18
15745,9
15746,7
15747,9
15748,18
15749,5
15750,5
15751,5
15752,18
15753,18
15754,9
15755,7
15756,7
15757,9
15758,4
15759,13
15760,3
15761,5
15762,3
15763,18
15764,15
15765,7
15766,7
15767,7
15768,7
15769,7
15770,18
15771,7
15772,3
15773,7
15774,7
15775,7
15776,10
15777,17
15778,7
15779,7
15780,8
15781,13
15782,3
15783,10
15784,10
15785,7
15786,9
15787,7
15788,7
15789,7
15790,9
15791,18
15792,18
15793,18
15794,5
15795,18
15796,9
15797,17
15798,14
15799,15
15800,16
15801,13
15802,7
15803,7
15804,7
15805,12
15806,4
15807,9
15808,18
15809,18
15810,7
15811,7
15812,13
15813,8
15814,12
15815,7
15816,18
15817,7
15818,5
15819,7
15820,7
15821,9
15822,18
15823,18
15824,7
15825,15
15826,7
15827,7
15828,18
15829,18
15830,7
15831,7
15832,12
15833,17
15834,14
15835,15
15836,14
15837,18
15838,17
15839,2
15840,7
15841,18
15842,8
15843,7
15844,3
15845,17
15846,7
15847,7
15848,17
15849,13
15850,7
15851,7
15852,7
15853,18
15854,9
15855,7
15856,7
15857,5
15858,1
15859,5
15860,7
15861,7
15862,5
15863,17
15864,7
15865,7
15866,7
15867,16
15868,7
15869,9
15870,2
15871,7
15872,18
15873,7
15874,7
15875,18
15876,7
15877,9
15878,7
15879,7
15880,9
15881,7
15882,7
15883,15
15884,16
15885,18
15886,15
15887,18
15888,10
15889,7
15890,9
15891,7
15892,17
15893,15
15894,17
15895,7
15896,5
15897,9
15898,7
15899,9
15900,18
15901,18
15902,9
15903,18
15904,18
15905,11
15906,13
15907,13
15908,7
15909,5
15910,17
15911,7
15912,7
15913,7
15914,18
15915,10
15916,9
15917,7
15918,18
15919,12
15920,18
15921,10
15922,18
15923,18
15924,7
15925,7
15926,7
15927,10
15928,18
15929,16
15930,15
15931,7
15932,7
15933,7
15934,9
15935,9
15936,5
15937,10
15938,15
15939,7
15940,7
15941,7
15942,18
15943,16
15944,13
15945,5
15946,7
15947,7
15948,7
15949,18
15950,12
15951,7
15952,13
15953,18
15954,18
15955,7
15956,18
15957,11
15958,16
15959,16
15960,9
15961,9
15962,18
15963,17
15964,7
15965,13
15966,7
15967,13
15968,8
15969,11
15970,7
15971,7
15972,7
15973,10
15974,13
15975,18
15976,7
15977,17
15978,19
15979,7
15980,5
15981,18
15982,15
15983,7
15984,7
15985,5
15986,9
15987,7
15988,18
15989,5
15990,18
15991,9
15992,18
15993,7
15994,2
15995,5
15996,7
15997,5
15998,7
15999,9
16000,7
16001,7
16002,13
16003,18
16004,9
16005,9
16006,7
16007,7
16008,17
16009,10
16010,7
16011,5
16012,7
16013,7
16014,18
16015,7
16016,7
16017,5
16018,18
16019,5
16020,13
16021,13
16022,7
16023,7
16024,7
16025,18
16026,11
16027,7
16028,7
16029,4
16030,18
16031,16
16032,7
16033,7
16034,10
16035,7
16036,7
16037,9
16038,15
16039,7
16040,7
16041,15
16042,7
16043,7
16044,7
16045,13
16046,7
16047,7
16048,13
16049,9
16050,7
16051,7
16052,7
16053,7
16054,15
16055,3
16056,18
16057,9
16058,7
16059,9
16060,7
16061,7
16062,7
16063,15
16064,7
16065,12
16066,17
16067,3
16068,12
16069,7
16070,18
16071,7
16072,7
16073,9
16074,15
16075,17
16076,18
16077,7
16078,5
16079,9
16080,17
16081,7
16082,7
16083,18
16084,7
16085,10
16086,7
16087,7
16088,16
16089,7
16090,1
16091,9
16092,5
16093,15
16094,7
16095,15
16096,7
16097,15
16098,7
16099,7
16100,17
16101,14
16102,10
16103,6
16104,7
16105,12
16106,7
16107,7
16108,16
16109,9
16110,13
16111,15
16112,14
16113,7
16114,7
16115,7
16116,7
16117,7
16118,7
16119,5
16120,11
16121,18
16122,13
16123,7
16124,10
16125,7
16126,7
16127,18
16128,16
16129,9
16130,9
16131,18
16132,7
16133,7
16134,5
16135,14
16136,3
16137,15
16138,7
16139,2
16140,17
16141,9
16142,20
16143,7
16144,7
16145,15
16146,7
16147,7
16148,5
16149,7
16150,5
16151,18
16152,7
16153,5
16154,18
16155,18
16156,17
16157,7
16158,7
16159,7
16160,7
16161,7
16162,7
16163,16
16164,5
16165,10
16166,5
16167,5
16168,18
16169,1
16170,18
16171,18
16172,7
16173,7
16174,7
16175,7
16176,7
16177,10
16178,7
16179,4
16180,15
16181,18
16182,7
16183,7
16184,7
16185,7
16186,7
16187,7
16188,7
16189,17
16190,18
16191,9
16192,18
16193,7
16194,18
16195,9
16196,7
16197,7
16198,13
16199,10
16200,3
16201,7
16202,7
16203,7
16204,16
16205,9
16206,7
16207,9
16208,10
16209,18
16210,9
16211,18
16212,7
16213,7
16214,7
16215,7
16216,17
16217,7
16218,15
16219,7
16220,7
16221,17
16222,7
16223,11
16224,7
16225,15
16226,14
16227,7
16228,18
16229,9
16230,13
16231,7
16232,9
16233,13
16234,7
16235,7
16236,7
16237,7
16238,7
16239,7
16240,7
16241,17
16242,4
16243,18
16244,9
16245,7
16246,7
16247,9
16248,11
16249,5
16250,7
16251,7
16252,14
16253,7
16254,5
16255,18
16256,7
16257,7
16258,12
16259,7
16260,10
16261,18
16262,16
16263,12
16264,18
16265,18
16266,7
16267,7
16268,7
16269,8
16270,7
16271,18
16272,7
16273,7
16274,7
16275,4
16276,12
16277,19
16278,5
16279,12
16280,7
16281,18
16282,7
16283,7
16284,5
16285,16
16286,18
16287,3
16288,5
16289,9
16290,13
16291,15
16292,13
16293,5
16294,7
16295,18
16296,13
16297,18
16298,10
16299,7
16300,7
16301,7
16302,7
16303,7
16304,10
16305,18
16306,13
16307,13
16308,5
16309,5
16310,7
16311,7
16312,14
16313,7
16314,18
16315,5
16316,9
16317,7
16318,7
16319,15
16320,12
16321,7
16322,7
16323,18
16324,7
16325,5
16326,7
16327,7
16328,7
16329,7
16330,18
16331,5
16332,9
16333,4
16334,19
16335,15
16336,7
16337,5
16338,15
16339,4
16340,17
16341,18
16342,7
16343,2
16344,7
16345,7
16346,7
16347,17
16348,7
16349,12
16350,8
16351,7
16352,15
16353,9
16354,5
16355,7
16356,7
16357,18
16358,5
16359,7
16360,15
16361,14
16362,7
16363,7
16364,7
16365,18
16366,9
16367,17
16368,5
16369,16
16370,18
16371,7
16372,18
16373,18
16374,7
16375,7
16376,14
16377,7
16378,7
16379,7
16380,15
16381,17
16382,18
16383,17
16384,7
16385,12
16386,18
16387,7
16388,7
16389,7
16390,7
16391,10
16392,18
16393,16
16394,17
16395,9
16396,7
16397,5
16398,5
16399,5
16400,5
16401,14
16402,2
16403,18
16404,7
16405,7
16406,18
16407,5
16408,7
16409,18
16410,5
16411,8
16412,18
16413,12
16414,18
16415,2
16416,7
16417,7
16418,7
16419,15
16420,9
16421,18
16422,7
16423,18
16424,7
16425,7
16426,13
16427,18
16428,6
16429,7
16430,15
16431,5
16432,18
16433,7
16434,7
16435,7
16436,7
16437,7
16438,7
16439,9
16440,7
16441,7
16442,10
16443,7
16444,5
16445,4
16446,9
16447,9
16448,8
16449,9
16450,18
16451,7
16452,7
16453,7
16454,8
16455,7
16456,17
16457,16
16458,15
16459,18
16460,11
16461,7
16462,5
16463,17
16464,7
16465,7
16466,18
16467,17
16468,9
16469,17
16470,17
16471,12
16472,7
16473,18
16474,17
16475,12
16476,13
16477,18
16478,7
16479,15
16480,18
16481,7
16482,18
16483,12
16484,5
16485,7
16486,7
16487,7
16488,18
16489,18
16490,16
16491,7
16492,18
16493,5
16494,15
16495,5
16496,12
16497,5
16498,18
16499,7
16500,7
16501,7
16502,17
16503,14
16504,13
16505,7
16506,18
16507,7
16508,7
16509,7
16510,8
16511,7
16512,9
16513,16
16514,7
16515,15
16516,13
16517,18
16518,4
16519,9
16520,13
16521,18
16522,15
16523,9
16524,17
16525,7
16526,13
16527,7
16528,7
16529,12
16530,7
16531,16
16532,18
16533,8
16534,2
16535,13
16536,14
16537,18
16538,13
16539,2
16540,1
16541,7
16542,7
16543,9
16544,15
16545,7
16546,7
16547,7
16548,7
16549,5
16550,7
16551,17
16552,18
16553,18
16554,7
16555,7
16556,16
16557,7
16558,9
16559,14
16560,7
16561,5
16562,7
16563,5
16564,15
16565,9
16566,7
16567,10
16568,18
16569,18
16570,7
16571,7
16572,17
16573,18
16574,7
16575,15
16576,7
16577,7
16578,7
16579,7
16580,18
16581,7
16582,18
16583,5
16584,8
16585,7
16586,7
16587,7
16588,7
16589,15
16590,7
16591,19
16592,15
16593,9
16594,18
16595,17
16596,18
16597,9
16598,15
16599,5
16600,7
16601,7
16602,7
16603,10
16604,7
16605,10
16606,7
16607,7
16608,7
16609,2
16610,16
16611,18
16612,7
16613,7
16614,7
16615,18
16616,13
16617,18
16618,10
16619,7
16620,16
16621,7
16622,9
16623,7
16624,5
16625,18
16626,3
16627,16
16628,18
16629,7
16630,9
16631,7
16632,4
16633,17
16634,12
16635,18
16636,9
16637,7
16638,7
16639,7
16640,7
16641,10
16642,18
16643,7
16644,7
16645,9
16646,18
16647,12
16648,18
16649,20
16650,7
16651,15
16652,9
16653,7
16654,18
16655,7
16656,7
16657,9
16658,5
16659,5
16660,10
16661,7
16662,18
16663,17
16664,7
16665,15
16666,7
16667,7
16668,20
16669,15
16670,7
16671,15
16672,5
16673,7
16674,4
16675,7
16676,7
16677,9
16678,7
16679,15
16680,7
16681,7
16682,9
16683,7
16684,7
16685,7
16686,7
16687,7
16688,15
16689,5
16690,16
16691,10
16692,18
16693,17
16694,5
16695,18
16696,7
16697,7
16698,7
16699,7
16700,13
16701,7
16702,17
16703,18
16704,16
16705,4
16706,13
16707,18
16708,16
16709,7
16710,7
16711,9
16712,17
16713,17
16714,11
16715,7
16716,9
16717,7
16718,15
16719,13
16720,7
16721,5
16722,5
16723,18
16724,12
16725,15
16726,5
16727,7
16728,9
16729,7
16730,5
16731,7
16732,17
16733,6
16734,7
16735,18
16736,7
16737,18
16738,15
16739,16
16740,4
16741,15
16742,13
16743,4
16744,18
16745,5
16746,18
16747,17
16748,7
16749,15
16750,17
16751,16
16752,18
16753,8
16754,7
16755,7
16756,7
16757,7
16758,17
16759,7
16760,7
16761,14
16762,7
16763,7
16764,7
16765,7
16766,15
16767,7
16768,7
16769,15
16770,15
16771,5
16772,19
16773,12
16774,15
16775,7
16776,3
16777,17
16778,10
16779,7
16780,18
16781,9
16782,5
16783,7
16784,9
16785,13
16786,17
16787,7
16788,18
16789,14
16790,7
16791,12
16792,17
16793,7
16794,7
16795,5
16796,7
16797,18
16798,9
16799,13
16800,7
16801,7
16802,7
16803,18
16804,15
16805,15
16806,7
16807,7
16808,7
16809,9
16810,14
16811,9
16812,17
16813,17
16814,9
16815,13
16816,7
16817,10
16818,13
16819,7
16820,14
16821,7
16822,18
16823,7
16824,18
16825,7
16826,7
16827,11
16828,18
16829,14
16830,15
16831,4
16832,18
16833,16
16834,18
16835,18
16836,7
16837,16
16838,7
16839,15
16840,5
16841,10
16842,18
16843,11
16844,17
16845,11
16846,9
16847,9
16848,17
16849,7
16850,7
16851,16
16852,7
16853,15
16854,18
16855,13
16856,7
16857,7
16858,17
16859,18
16860,7
16861,7
16862,17
16863,15
16864,15
16865,7
16866,7
16867,16
16868,7
16869,7
16870,18
16871,10
16872,7
16873,7
16874,18
16875,7
16876,18
16877,3
16878,9
16879,7
16880,7
16881,5
16882,7
16883,9
16884,5
16885,7
16886,18
16887,18
16888,18
16889,7
16890,18
16891,7
16892,18
16893,7
16894,7
16895,15
16896,18
16897,7
16898,7
16899,7
16900,7
16901,9
16902,18
16903,7
16904,15
16905,2
16906,15
16907,14
16908,13
16909,7
16910,16
16911,18
16912,7
16913,20
16914,9
16915,7
16916,18
16917,18
16918,18
16919,18
16920,17
16921,7
16922,7
16923,9
16924,10
16925,7
16926,5
16927,12
16928,18
16929,18
16930,7
16931,18
16932,9
16933,9
16934,12
16935,7
16936,18
16937,13
16938,7
16939,7
16940,4
16941,5
16942,13
16943,16
16944,7
16945,15
16946,12
16947,8
16948,7
16949,7
16950,18
16951,18
16952,7
16953,7
16954,7
16955,4
16956,7
16957,18
16958,7
16959,7
16960,18
16961,7
16962,15
16963,7
16964,7
16965,9
16966,16
16967,15
16968,17
16969,9
16970,7
16971,7
16972,2
16973,19
16974,7
16975,14
16976,10
16977,18
16978,7
16979,15
16980,18
16981,7
16982,9
16983,12
16984,7
16985,7
16986,17
16987,7
16988,14
16989,7
16990,9
16991,5
16992,5
16993,9
16994,5
16995,13
16996,7
16997,18
16998,17
16999,7
17000,7
17001,15
17002,6
17003,9
17004,7
17005,9
17006,5
17007,9
17008,7
17009,9
17010,8
17011,14
17012,7
17013,15
17014,10
17015,9
17016,7
17017,7
17018,7
17019,7
17020,7
17021,16
17022,18
17023,5
17024,7
17025,13
17026,13
17027,14
17028,7
17029,18
17030,7
17031,9
17032,16
17033,7
17034,8
17035,7
17036,9
17037,13
17038,5
17039,15
17040,18
17041,7
17042,7
17043,8
17044,7
17045,9
17046,7
17047,7
17048,7
17049,7
17050,7
17051,7
17052,7
17053,7
17054,7
17055,18
17056,5
17057,5
17058,13
17059,7
17060,7
17061,9
17062,12
17063,10
17064,18
17065,18
17066,7
17067,7
17068,7
17069,15
17070,7
17071,7
17072,7
17073,18
17074,9
17075,16
17076,12
17077,7
17078,9
17079,9
17080,15
17081,7
17082,18
17083,18
17084,18
17085,18
17086,10
17087,7
17088,2
17089,5
17090,9
17091,18
17092,13
17093,9
17094,1
17095,18
17096,7
17097,20
17098,18
17099,7
17100,7
17101,7
17102,15
17103,5
17104,18
17105,7
17106,7
17107,5
17108,10
17109,7
17110,9
17111,17
17112,7
17113,9
17114,7
17115,7
17116,7
17117,7
17118,15
17119,7
17120,7
17121,7
17122,7
17123,18
17124,9
17125,7
17126,5
17127,7
17128,5
17129,5
17130,14
17131,7
17132,9
17133,16
17134,7
17135,7
17136,5
17137,7
17138,16
17139,5
17140,19
17141,7
17142,5
17143,18
17144,15
17145,7
17146,7
17147,16
17148,7
17149,5
17150,7
17151,7
17152,7
17153,7
17154,18
17155,7
17156,7
17157,18
17158,5
17159,7
17160,15
17161,11
17162,5
17163,9
17164,18
17165,12
17166,7
17167,7
17168,7
17169,18
17170,18
17171,7
17172,18
17173,18
17174,18
17175,13
17176,18
17177,9
17178,8
17179,12
17180,16
17181,18
17182,7
17183,5
17184,12
17185,13
17186,7
17187,1
17188,14
17189,1
17190,7
17191,18
17192,7
17193,5
17194,18
17195,7
17196,7
17197,18
17198,7
17199,7
17200,7
17201,7
17202,8
17203,9
17204,7
17205,7
17206,7
17207,15
17208,5
17209,7
17210,18
17211,7
17212,5
17213,13
17214,7
17215,7
17216,18
17217,7
17218,18
17219,16
17220,5
17221,18
17222,3
17223,15
17224,15
17225,18
17226,7
17227,7
17228,7
17229,7
17230,15
17231,8
17232,18
17233,17
17234,9
17235,18
17236,10
17237,18
17238,7
17239,7
17240,18
17241,5
17242,7
17243,17
17244,8
17245,19
17246,7
17247,16
17248,7
17249,7
17250,7
17251,9
17252,7
17253,7
17254,5
17255,10
17256,17
17257,5
17258,7
17259,7
17260,13
17261,5
17262,7
17263,7
17264,9
17265,7
17266,5
17267,17
17268,7
17269,4
17270,7
17271,18
17272,16
17273,7
17274,9
17275,7
17276,7
17277,7
17278,17
17279,7
17280,7
17281,17
17282,18
17283,7
17284,7
17285,5
17286,7
17287,15
17288,19
17289,7
17290,7
17291,7
17292,7
17293,9
17294,7
17295,5
17296,11
17297,15
17298,7
17299,7
17300,9
17301,12
17302,17
17303,7
17304,7
17305,7
17306,4
17307,10
17308,7
17309,18
17310,14
17311,7
17312,13
17313,7
17314,16
17315,10
17316,18
17317,13
17318,9
17319,7
17320,7
17321,15
17322,7
17323,7
17324,7
17325,3
17326,5
17327,7
17328,7
17329,18
17330,15
17331,18
17332,7
17333,20
17334,7
17335,7
17336,18
17337,5
17338,5
17339,7
17340,18
17341,8
17342,17
17343,7
17344,18
17345,7
17346,7
17347,7
17348,9
17349,10
17350,7
17351,9
17352,15
17353,13
17354,7
17355,16
17356,10
17357,14
17358,18
17359,7
17360,7
17361,7
17362,7
17363,9
17364,17
17365,18
17366,7
17367,11
17368,18
17369,7
17370,7
17371,7
17372,16
17373,18
17374,7
17375,18
17376,15
17377,5
17378,9
17379,17
17380,7
17381,15
17382,7
17383,7
17384,5
17385,7
17386,7
17387,7
17388,7
17389,15
17390,18
17391,8
17392,7
17393,7
17394,15
17395,7
17396,5
17397,10
17398,8
17399,17
17400,7
17401,17
17402,7
17403,14
17404,15
17405,15
17406,7
17407,18
17408,7
17409,10
17410,18
17411,9
17412,5
17413,18
17414,12
17415,13
17416,7
17417,9
17418,9
17419,7
17420,16
17421,18
17422,12
17423,7
17424,12
17425,7
17426,7
17427,7
17428,5
17429,13
17430,7
17431,17
17432,5
17433,8
17434,18
17435,5
17436,3
17437,15
17438,17
17439,7
17440,7
17441,15
17442,10
17443,15
17444,7
17445,7
17446,7
17447,9
17448,7
17449,7
17450,7
17451,18
17452,7
17453,18
17454,9
17455,20
17456,15
17457,15
17458,9
17459,7
17460,7
17461,7
17462,18
17463,5
17464,18
17465,9
17466,3
17467,7
17468,5
17469,9
17470,7
17471,7
17472,7
17473,4
17474,2
17475,6
17476,7
17477,18
17478,7
17479,18
17480,18
17481,14
17482,18
17483,18
17484,7
17485,17
17486,12
17487,17
17488,9
17489,7
17490,18
17491,7
17492,7
17493,7
17494,7
17495,18
17496,5
17497,7
17498,18
17499,11
17500,7
17501,11
17502,18
17503,9
17504,7
17505,13
17506,10
17507,7
17508,18
17509,5
17510,17
17511,10
17512,1
17513,7
17514,18
17515,15
17516,13
17517,18
17518,13
17519,10
17520,7
17521,18
17522,6
17523,7
17524,16
17525,5
17526,9
17527,18
17528,7
17529,7
17530,7
17531,15
17532,7
17533,4
17534,15
17535,18
17536,9
17537,7
17538,16
17539,7
17540,7
17541,7
17542,18
17543,18
17544,5
17545,13
17546,18
17547,16
17548,18
17549,7
17550,7
17551,7
17552,15
17553,10
17554,5
17555,9
17556,15
17557,15
17558,7
17559,9
17560,7
17561,9
17562,7
17563,7
17564,7
17565,9
17566,14
17567,5
17568,9
17569,7
17570,7
17571,7
17572,9
17573,9
17574,7
17575,4
17576,7
17577,15
17578,15
17579,5
17580,7
17581,18
17582,18
17583,7
17584,7
17585,18
17586,7
17587,15
17588,7
17589,17
17590,18
17591,18
17592,2
17593,18
17594,9
17595,18
17596,14
17597,7
17598,19
17599,9
17600,7
17601,7
17602,15
17603,7
17604,7
17605,7
17606,7
17607,17
17608,15
17609,7
17610,7
17611,8
17612,7
17613,18
17614,7
17615,12
17616,18
17617,7
17618,9
17619,17
17620,9
17621,6
17622,7
17623,13
17624,5
17625,13
17626,9
17627,18
17628,9
17629,9
17630,18
17631,7
17632,7
17633,9
17634,4
17635,7
17636,5
17637,7
17638,12
17639,17
17640,7
17641,4
17642,11
17643,7
17644,5
17645,15
17646,9
17647,7
17648,13
17649,7
17650,7
17651,15
17652,7
17653,13
17654,16
17655,18
17656,7
17657,7
17658,18
17659,7
17660,5
17661,7
17662,15
17663,20
17664,12
17665,7
17666,7
17667,7
17668,15
17669,7
17670,7
17671,8
17672,7
17673,9
17674,15
17675,18
17676,11
17677,7
17678,16
17679,7
17680,7
17681,12
17682,7
17683,7
17684,7
17685,18
17686,7
17687,9
17688,9
17689,18
17690,7
17691,9
17692,17
17693,9
17694,10
17695,9
17696,7
17697,15
17698,7
17699,7
17700,7
17701,7
17702,7
17703,9
17704,7
17705,10
17706,17
17707,18
17708,15
17709,7
17710,8
17711,7
17712,18
17713,5
17714,7
17715,7
17716,15
17717,7
17718,18
17719,7
17720,14
17721,9
17722,9
17723,16
17724,13
17725,18
17726,17
17727,5
17728,7
17729,7
17730,9
17731,4
17732,15
17733,5
17734,5
17735,5
17736,7
17737,5
17738,7
17739,12
17740,18
17741,7
17742,13
17743,7
17744,7
17745,7
17746,7
17747,9
17748,4
17749,7
17750,14
17751,7
17752,7
17753,10
17754,9
17755,5
17756,7
17757,7
17758,7
17759,17
17760,9
17761,15
17762,16
17763,5
17764,15
17765,5
17766,7
17767,7
17768,14
17769,7
17770,7
17771,18
17772,7
17773,18
17774,7
17775,5
17776,9
17777,7
17778,18
17779,7
17780,7
17781,7
17782,7
17783,7
17784,7
17785,7
17786,7
17787,7
17788,10
17789,18
17790,18
17791,7
17792,18
17793,15
17794,9
17795,9
17796,18
17797,7
17798,18
17799,18
17800,4
17801,5
17802,7
17803,7
17804,18
17805,5
17806,18
17807,7
17808,3
17809,17
17810,8
17811,7
17812,10
17813,7
17814,18
17815,7
17816,9
17817,7
17818,7
17819,9
17820,7
17821,7
17822,7
17823,15
17824,7
17825,15
17826,7
17827,7
17828,9
17829,18
17830,7
17831,8
17832,7
17833,16
17834,7
17835,9
17836,7
17837,17
17838,5
17839,20
17840,8
17841,7
17842,9
17843,7
17844,8
17845,15
17846,7
17847,18
17848,6
17849,18
17850,5
17851,12
17852,7
17853,20
17854,7
17855,15
17856,7
17857,11
17858,7
17859,5
17860,7
17861,8
17862,3
17863,7
17864,11
17865,7
17866,7
17867,7
17868,7
17869,7
17870,4
17871,9
17872,5
17873,14
17874,14
17875,7
17876,8
17877,7
17878,7
17879,5
17880,9
17881,4
17882,7
17883,7
17884,14
17885,17
17886,5
17887,7
17888,7
17889,13
17890,18
17891,15
17892,9
17893,9
17894,17
17895,18
17896,8
17897,7
17898,5
17899,15
17900,7
17901,15
17902,13
17903,7
17904,19
17905,9
17906,7
17907,7
17908,7
17909,17
17910,5
17911,18
17912,15
17913,7
17914,7
17915,15
17916,7
17917,7
17918,7
17919,7
17920,7
17921,7
17922,7
17923,20
17924,10
17925,18
17926,7
17927,12
17928,18
17929,15
17930,7
17931,13
17932,7
17933,18
17934,7
17935,7
17936,7
17937,7
17938,7
17939,9
17940,7
17941,13
17942,9
17943,17
17944,7
17945,16
17946,12
17947,20
17948,7
17949,18
17950,7
17951,18
17952,14
17953,7
17954,7
17955,7
17956,3
17957,5
17958,7
17959,7
17960,7
17961,7
17962,5
17963,5
17964,18
17965,15
17966,5
17967,7
17968,7
17969,9
17970,7
17971,15
17972,5
17973,18
17974,9
17975,7
17976,9
17977,7
17978,7
17979,7
17980,13
17981,13
17982,15
17983,5
17984,7
17985,7
17986,12
17987,7
17988,18
17989,7
17990,7
17991,9
17992,14
17993,7
17994,18
17995,16
17996,7
17997,7
17998,15
17999,9
18000,7
18001,7
18002,18
18003,7
18004,7
18005,5
18006,9
18007,15
18008,18
18009,16
18010,4
18011,13
18012,9
18013,13
18014,7
18015,5
18016,13
18017,7
18018,12
18019,7
18020,7
18021,7
18022,20
18023,7
18024,7
18025,5
18026,7
18027,10
18028,13
18029,16
18030,18
18031,18
18032,16
18033,7
18034,5
18035,9
18036,14
18037,7
18038,7
18039,5
18040,17
18041,14
18042,10
18043,8
18044,7
18045,9
18046,10
18047,7
18048,7
18049,7
18050,7
18051,10
18052,10
18053,7
18054,15
18055,5
18056,5
18057,5
18058,19
18059,18
18060,7
18061,17
18062,17
18063,15
18064,18
18065,18
18066,7
18067,7
18068,13
18069,7
18070,7
18071,12
18072,15
18073,17
18074,7
18075,7
18076,20
18077,5
18078,7
18079,7
18080,7
18081,7
18082,11
18083,18
18084,7
18085,10
18086,18
18087,9
18088,15
18089,18
18090,13
18091,18
18092,7
18093,7
18094,19
18095,5
18096,10
18097,5
18098,7
18099,7
18100,7
18101,12
18102,7
18103,4
18104,20
18105,7
18106,7
18107,7
18108,18
18109,13
18110,7
18111,13
18112,5
18113,20
18114,18
18115,7
18116,7
18117,7
18118,7
18119,10
18120,17
18121,16
18122,7
18123,15
18124,18
18125,9
18126,7
18127,7
18128,9
18129,13
18130,12
18131,3
18132,7
18133,7
18134,7
18135,18
18136,9
18137,18
18138,7
18139,7
18140,9
18141,18
18142,7
18143,7
18144,18
18145,7
18146,16
18147,9
18148,15
18149,7
18150,15
18151,13
18152,15
18153,7
18154,7
18155,7
18156,17
18157,10
18158,17
18159,7
18160,10
18161,2
18162,9
18163,14
18164,7
18165,18
18166,7
18167,7
18168,13
18169,7
18170,14
18171,7
18172,15
18173,15
18174,7
18175,16
18176,13
18177,7
18178,18
18179,18
18180,9
18181,5
18182,7
18183,7
18184,7
18185,7
18186,20
18187,18
18188,20
18189,17
18190,7
18191,8
18192,18
18193,9
18194,6
18195,18
18196,17
18197,9
18198,18
18199,7
18200,7
18201,7
18202,7
18203,13
18204,12
18205,9
18206,9
18207,15
18208,9
18209,7
18210,12
18211,17
18212,7
18213,7
18214,5
18215,7
18216,18
18217,7
18218,18
18219,7
18220,7
18221,7
18222,7
18223,18
18224,10
18225,7
18226,7
18227,7
18228,8
18229,3
18230,7
18231,5
18232,7
18233,7
18234,7
18235,18
18236,7
18237,13
18238,18
18239,5
18240,8
18241,7
18242,12
18243,8
18244,7
18245,17
18246,14
18247,15
18248,7
18249,10
18250,15
18251,7
18252,9
18253,14
18254,7
18255,15
18256,15
18257,18
18258,7
18259,9
18260,16
18261,7
18262,7
18263,18
18264,7
18265,7
18266,7
18267,2
18268,5
18269,7
18270,7
18271,18
18272,7
18273,10
18274,15
18275,16
18276,4
18277,14
18278,9
18279,7
18280,7
18281,18
18282,14
18283,9
18284,7
18285,18
18286,14
18287,7
18288,3
18289,7
18290,10
18291,7
18292,7
18293,7
18294,18
18295,15
18296,15
18297,16
18298,14
18299,3
18300,5
18301,7
18302,10
18303,18
18304,7
18305,10
18306,8
18307,4
18308,7
18309,14
18310,16
18311,18
18312,7
18313,13
18314,7
18315,7
18316,18
18317,18
18318,18
18319,7
18320,18
18321,15
18322,7
18323,7
18324,5
18325,20
18326,7
18327,2
18328,4
18329,18
18330,15
18331,5
18332,5
18333,7
18334,9
18335,7
18336,9
18337,9
18338,18
18339,8
18340,7
18341,7
18342,7
18343,7
18344,5
18345,18
18346,18
18347,7
18348,5
18349,13
18350,7
18351,13
18352,7
18353,17
18354,14
18355,9
18356,5
18357,7
18358,9
18359,18
18360,7
18361,4
18362,5
18363,5
18364,7
18365,7
18366,7
18367,7
18368,7
18369,7
18370,18
18371,16
18372,17
18373,9
18374,3
18375,9
18376,1
18377,7
18378,17
18379,7
18380,18
18381,7
18382,5
18383,13
18384,12
18385,9
18386,10
18387,18
18388,17
18389,9
18390,7
18391,17
18392,7
18393,10
18394,6
18395,18
18396,7
18397,5
18398,10
18399,9
18400,18
18401,17
18402,18
18403,7
18404,16
18405,15
18406,7
18407,7
18408,15
18409,9
18410,9
18411,14
18412,7
18413,7
18414,18
18415,7
18416,15
18417,16
18418,12
18419,18
18420,18
18421,7
18422,16
18423,8
18424,9
18425,1
18426,17
18427,15
18428,13
18429,7
18430,7
18431,7
18432,7
18433,17
18434,7
18435,17
18436,7
18437,7
18438,15
18439,18
18440,7
18441,17
18442,9
18443,7
18444,18
18445,13
18446,17
18447,7
18448,7
18449,7
18450,7
18451,7
18452,12
18453,17
18454,7
18455,7
18456,9
18457,10
18458,13
18459,7
18460,15
18461,18
18462,7
18463,7
18464,7
18465,7
18466,9
18467,18
18468,9
18469,12
18470,7
18471,5
18472,9
18473,17
18474,5
18475,7
18476,9
18477,18
18478,9
18479,15
18480,18
18481,5
18482,7
18483,7
18484,9
18485,7
18486,15
18487,11
18488,9
18489,7
18490,7
18491,18
18492,7
18493,18
18494,7
18495,8
18496,7
18497,3
18498,5
18499,5
18500,7
18501,15
18502,7
18503,14
18504,7
18505,7
18506,18
18507,9
18508,5
18509,9
18510,20
18511,18
18512,8
18513,9
18514,17
18515,10
18516,17
18517,5
18518,13
18519,15
18520,7
18521,14
18522,7
18523,7
18524,5
18525,7
18526,7
18527,18
18528,7
18529,10
18530,18
18531,12
18532,7
18533,6
18534,16
18535,10
18536,7
18537,18
18538,7
18539,7
18540,10
18541,7
18542,5
18543,9
18544,17
18545,15
18546,16
18547,20
18548,4
18549,16
18550,18
18551,7
18552,10
18553,7
18554,6
18555,14
18556,5
18557,15
18558,7
18559,5
18560,17
18561,7
18562,18
18563,7
18564,15
18565,18
18566,16
18567,7
18568,7
18569,7
18570,18
18571,9
18572,16
18573,10
18574,18
18575,7
18576,18
18577,18
18578,7
18579,15
18580,7
18581,18
18582,7
18583,18
18584,7
18585,7
18586,7
18587,15
18588,7
18589,7
18590,7
18591,5
18592,3
18593,7
18594,2
18595,7
18596,17
18597,7
18598,12
18599,19
18600,19
18601,16
18602,7
18603,7
18604,9
18605,9
18606,7
18607,20
18608,5
18609,9
18610,8
18611,12
18612,20
18613,18
18614,18
18615,9
18616,7
18617,13
18618,18
18619,18
18620,3
18621,7
18622,18
18623,4
18624,17
18625,16
18626,17
18627,18
18628,15
18629,12
18630,14
18631,5
18632,7
18633,8
18634,7
18635,11
18636,20
18637,9
18638,15
18639,7
18640,17
18641,7
18642,16
18643,5
18644,5
18645,7
18646,18
18647,10
18648,7
18649,7
18650,10
18651,9
18652,7
18653,7
18654,18
18655,7
18656,9
18657,15
18658,3
18659,9
18660,18
18661,9
18662,7
18663,2
18664,15
18665,10
18666,15
18667,7
18668,18
18669,15
18670,7
18671,7
18672,18
18673,7
18674,12
18675,18
18676,18
18677,7
18678,15
18679,16
18680,17
18681,7
18682,5
18683,18
18684,7
18685,18
18686,18
18687,19
18688,7
18689,18
18690,9
18691,7
18692,7
18693,7
18694,7
18695,7
18696,18
18697,14
18698,7
18699,7
18700,18
18701,13
18702,8
18703,7
18704,14
18705,18
18706,15
18707,7
18708,15
18709,9
18710,7
18711,5
18712,7
18713,19
18714,7
18715,15
18716,7
18717,7
18718,7
18719,1
18720,9
18721,5
18722,11
18723,17
18724,7
18725,7
18726,5
18727,18
18728,18
18729,13
18730,7
18731,7
18732,7
18733,7
18734,17
18735,17
18736,10
18737,15
18738,7
18739,7
18740,7
18741,18
18742,15
18743,7
18744,7
18745,7
18746,7
18747,18
18748,16
18749,9
18750,16
18751,7
18752,12
18753,7
18754,7
18755,12
18756,7
18757,7
18758,5
18759,5
18760,7
18761,9
18762,5
18763,7
18764,18
18765,7
18766,7
18767,5
18768,5
18769,18
18770,7
18771,18
18772,18
18773,16
18774,17
